{"assets/clear.png":["assets/clear.png"],"assets/cloud.png":["assets/cloud.png"],"assets/cloudy.png":["assets/cloudy.png"],"assets/fog.png":["assets/fog.png"],"assets/heavycloudy.png":["assets/heavycloudy.png"],"assets/heavyrain.png":["assets/heavyrain.png"],"assets/humidity.png":["assets/humidity.png"],"assets/icon.png":["assets/icon.png"],"assets/lightdrizzle.png":["assets/lightdrizzle.png"],"assets/lightrain.png":["assets/lightrain.png"],"assets/lightrainshower.png":["assets/lightrainshower.png"],"assets/menu.png":["assets/menu.png"],"assets/mist.png":["assets/mist.png"],"assets/moderateorheavyrainshower.png":["assets/moderateorheavyrainshower.png"],"assets/moderateorheavyrainwiththunder.png":["assets/moderateorheavyrainwiththunder.png"],"assets/moderaterain.png":["assets/moderaterain.png"],"assets/moderaterainattimes.png":["assets/moderaterainattimes.png"],"assets/overcast.png":["assets/overcast.png"],"assets/partlycloudy.png":["assets/partlycloudy.png"],"assets/patchylightdrizzle.png":["assets/patchylightdrizzle.png"],"assets/patchylightrain.png":["assets/patchylightrain.png"],"assets/patchylightrainwiththunder.png":["assets/patchylightrainwiththunder.png"],"assets/patchyrainpossible.png":["assets/patchyrainpossible.png"],"assets/pin.png":["assets/pin.png"],"assets/profile.png":["assets/profile.png"],"assets/sunny.png":["assets/sunny.png"],"assets/thunderyoutbreakspossible.png":["assets/thunderyoutbreakspossible.png"],"assets/windspeed.png":["assets/windspeed.png"],"packages/cupertino_icons/assets/CupertinoIcons.ttf":["packages/cupertino_icons/assets/CupertinoIcons.ttf"]}